{"cameraMode":{"drawMode":0,"name":"Shaded","section":"Shading Mode"},"sceneLighting":true,"audioPlay":false,"sceneViewState":{"showFog":true,"showMaterialUpdate":false,"showSkybox":true,"showFlares":true,"showImageEffects":true,"showParticleSystems":true},"in2DMode":false,"pivot":{"x":0.9103641510009766,"y":-0.8092813491821289,"z":-0.27208375930786135},"rotation":{"x":-0.07666907459497452,"y":0.9128532409667969,"z":-0.20203326642513276,"w":-0.34641632437705996},"size":2.9625229835510256,"orthographic":false}