{"cameraMode":{"drawMode":0,"name":"Shaded","section":"Shading Mode"},"sceneLighting":true,"audioPlay":false,"sceneViewState":{"showFog":true,"showMaterialUpdate":false,"showSkybox":true,"showFlares":true,"showImageEffects":true,"showParticleSystems":true},"in2DMode":false,"pivot":{"x":0.6830316185951233,"y":-16.222524642944337,"z":7.934701919555664},"rotation":{"x":0.4876517951488495,"y":0.0013095454778522254,"z":-0.0007314839167520404,"w":0.8730378150939941},"size":14.629117965698243,"orthographic":false}